[
  1,
  [
    "f0BIwQ8D5Ml7nTNQbh1YlS",
    "ecpdLyjvZBwrvm+cedCcQy",
    "e97GVMl6JHh5Ml5qEDdSGa",
    "29FYIk+N1GYaeWH/q1NxQO",
    "71VhFCTINJM6/Ky3oX9nBT",
    "b4P/PCArtIdIH38t6mlw8Y",
    "e8Ueib+qJEhL6mXAHdnwbi"
  ],
  [
    "node",
    "_textureSetter",
    "_parent",
    "_spriteFrame",
    "_N$normalSprite",
    "_N$pressedSprite",
    "_N$hoverSprite",
    "_N$disabledSprite",
    "scene"
  ],
  [
    [
      "cc.Node",
      [
        "_name",
        "_objFlags",
        "_id",
        "_components",
        "_contentSize",
        "_children",
        "_parent",
        "_trs",
        "_color"
      ],
      0,
      9,
      5,
      2,
      1,
      7,
      5
    ],
    "cc.SpriteFrame",
    [
      "cc.Widget",
      [
        "_alignFlags",
        "alignMode",
        "_originalWidth",
        "_originalHeight",
        "node"
      ],
      -1,
      1
    ],
    [
      "cc.SceneAsset",
      [
        "_name",
        "asyncLoadAssets"
      ],
      1
    ],
    [
      "cc.Canvas",
      [
        "node"
      ],
      3,
      1
    ],
    [
      "25f42pEkctK97P/NhaSIpPw",
      [
        "node"
      ],
      3,
      1
    ],
    [
      "cc.Sprite",
      [
        "_type",
        "_sizeMode",
        "node",
        "_materials",
        "_spriteFrame"
      ],
      1,
      1,
      3,
      6
    ],
    [
      "cc.Button",
      [
        "_N$transition",
        "node",
        "clickEvents",
        "_N$normalColor",
        "_N$pressedColor",
        "_N$disabledColor",
        "_N$target",
        "_N$normalSprite",
        "_N$pressedSprite",
        "_N$hoverSprite",
        "_N$disabledSprite"
      ],
      2,
      1,
      9,
      5,
      5,
      5,
      1,
      6,
      6,
      6,
      6
    ],
    [
      "cc.ClickEvent",
      [
        "_componentId",
        "handler",
        "target"
      ],
      1,
      1
    ],
    [
      "cc.Scene",
      [
        "_name",
        "_children",
        "_anchorPoint",
        "_trs"
      ],
      2,
      2,
      5,
      7
    ],
    [
      "cc.Camera",
      [
        "_clearFlags",
        "_depth",
        "node"
      ],
      1,
      1
    ],
    [
      "cc.Label",
      [
        "_string",
        "_fontSize",
        "_enableWrapText",
        "_N$horizontalAlign",
        "_N$verticalAlign",
        "_N$overflow",
        "_N$cacheMode",
        "node",
        "_materials"
      ],
      -4,
      1,
      3
    ]
  ],
  [
    [
      0,
      0,
      1,
      5,
      3,
      4,
      3
    ],
    [
      0,
      0,
      1,
      6,
      3,
      8,
      4,
      3
    ],
    [
      2,
      1,
      0,
      2,
      3,
      4,
      5
    ],
    [
      6,
      0,
      1,
      2,
      3,
      4,
      3
    ],
    [
      7,
      0,
      1,
      2,
      3,
      4,
      5,
      6,
      7,
      8,
      9,
      10,
      2
    ],
    [
      8,
      0,
      1,
      2,
      3
    ],
    [
      11,
      0,
      1,
      2,
      3,
      4,
      5,
      6,
      7,
      8,
      8
    ],
    [
      3,
      0,
      1,
      3
    ],
    [
      0,
      0,
      2,
      5,
      3,
      4,
      7,
      3
    ],
    [
      0,
      0,
      6,
      5,
      3,
      4,
      2
    ],
    [
      0,
      0,
      6,
      5,
      3,
      4,
      7,
      2
    ],
    [
      0,
      0,
      6,
      3,
      4,
      7,
      2
    ],
    [
      4,
      0,
      1
    ],
    [
      2,
      0,
      4,
      2
    ],
    [
      5,
      0,
      1
    ],
    [
      9,
      0,
      1,
      2,
      3,
      2
    ],
    [
      10,
      0,
      1,
      2,
      3
    ]
  ],
  [
    [
      [
        {
          "name": "default_btn_disabled",
          "rect": [
            0,
            0,
            40,
            40
          ],
          "offset": [
            0,
            0
          ],
          "originalSize": [
            40,
            40
          ],
          "capInsets": [
            12,
            12,
            12,
            12
          ]
        }
      ],
      [
        1
      ],
      0,
      [
        0
      ],
      [
        1
      ],
      [
        4
      ]
    ],
    [
      [
        [
          7,
          "Zip",
          null
        ],
        [
          8,
          "Canvas",
          "a5esZu+45LA5mBpvttspPD",
          [
            -4,
            -5,
            -6
          ],
          [
            [
              12,
              -1
            ],
            [
              13,
              45,
              -2
            ],
            [
              14,
              -3
            ]
          ],
          [
            5,
            960,
            640
          ],
          [
            480,
            320,
            0,
            0,
            0,
            0,
            1,
            1,
            1,
            1
          ]
        ],
        [
          0,
          "Background",
          512,
          [
            -9
          ],
          [
            [
              3,
              1,
              0,
              -7,
              [
                1
              ],
              2
            ],
            [
              2,
              0,
              45,
              100,
              40,
              -8
            ]
          ],
          [
            5,
            100,
            40
          ]
        ],
        [
          0,
          "Background",
          512,
          [
            -12
          ],
          [
            [
              3,
              1,
              0,
              -10,
              [
                8
              ],
              9
            ],
            [
              2,
              0,
              45,
              100,
              40,
              -11
            ]
          ],
          [
            5,
            100,
            40
          ]
        ],
        [
          9,
          "New Button",
          1,
          [
            2
          ],
          [
            [
              4,
              2,
              -13,
              [
                [
                  5,
                  "25f42pEkctK97P/NhaSIpPw",
                  "btnCallFunc",
                  1
                ]
              ],
              [
                4,
                4293322470
              ],
              [
                4,
                4291348680
              ],
              [
                4,
                3363338360
              ],
              2,
              3,
              4,
              5,
              6
            ]
          ],
          [
            5,
            100,
            40
          ]
        ],
        [
          10,
          "Create",
          1,
          [
            3
          ],
          [
            [
              4,
              2,
              -14,
              [
                [
                  5,
                  "25f42pEkctK97P/NhaSIpPw",
                  "createFile",
                  1
                ]
              ],
              [
                4,
                4293322470
              ],
              [
                4,
                4291348680
              ],
              [
                4,
                3363338360
              ],
              3,
              10,
              11,
              12,
              13
            ]
          ],
          [
            5,
            100,
            40
          ],
          [
            0,
            93.452,
            0,
            0,
            0,
            0,
            1,
            1,
            1,
            1
          ]
        ],
        [
          15,
          "New Node",
          [
            1
          ],
          [
            0,
            0,
            0
          ],
          [
            0,
            0,
            0,
            0,
            0,
            0,
            1,
            1,
            1,
            1
          ]
        ],
        [
          11,
          "Main Camera",
          1,
          [
            [
              16,
              7,
              -1,
              -15
            ]
          ],
          [
            5,
            960,
            640
          ],
          [
            0,
            0,
            543.8564333339066,
            0,
            0,
            0,
            1,
            1,
            1,
            1
          ]
        ],
        [
          1,
          "Label",
          512,
          2,
          [
            [
              6,
              "test",
              20,
              false,
              1,
              1,
              1,
              1,
              -16,
              [
                0
              ]
            ]
          ],
          [
            4,
            4278190080
          ],
          [
            5,
            100,
            40
          ]
        ],
        [
          1,
          "Create",
          512,
          3,
          [
            [
              6,
              "CreateFile",
              20,
              false,
              1,
              1,
              1,
              1,
              -17,
              [
                7
              ]
            ]
          ],
          [
            4,
            4278190080
          ],
          [
            5,
            100,
            40
          ]
        ]
      ],
      0,
      [
        0,
        0,
        1,
        0,
        0,
        1,
        0,
        0,
        1,
        0,
        -1,
        7,
        0,
        -2,
        4,
        0,
        -3,
        5,
        0,
        0,
        2,
        0,
        0,
        2,
        0,
        -1,
        8,
        0,
        0,
        3,
        0,
        0,
        3,
        0,
        -1,
        9,
        0,
        0,
        4,
        0,
        0,
        5,
        0,
        0,
        7,
        0,
        0,
        8,
        0,
        0,
        9,
        0,
        8,
        6,
        1,
        2,
        6,
        2,
        2,
        4,
        3,
        2,
        5,
        17
      ],
      [
        0,
        0,
        0,
        0,
        0,
        0,
        0,
        0,
        0,
        0,
        0,
        0,
        0,
        0
      ],
      [
        -1,
        -1,
        3,
        4,
        5,
        6,
        7,
        -1,
        -1,
        3,
        4,
        5,
        6,
        7
      ],
      [
        1,
        1,
        0,
        0,
        2,
        0,
        3,
        1,
        1,
        0,
        0,
        2,
        0,
        3
      ]
    ],
    [
      [
        {
          "name": "default_btn_pressed",
          "rect": [
            0,
            0,
            40,
            40
          ],
          "offset": [
            0,
            0
          ],
          "originalSize": [
            40,
            40
          ],
          "capInsets": [
            12,
            12,
            12,
            12
          ]
        }
      ],
      [
        1
      ],
      0,
      [
        0
      ],
      [
        1
      ],
      [
        5
      ]
    ],
    [
      [
        {
          "name": "default_btn_normal",
          "rect": [
            0,
            0,
            40,
            40
          ],
          "offset": [
            0,
            0
          ],
          "originalSize": [
            40,
            40
          ],
          "capInsets": [
            12,
            12,
            12,
            12
          ]
        }
      ],
      [
        1
      ],
      0,
      [
        0
      ],
      [
        1
      ],
      [
        6
      ]
    ]
  ]
]