[
  1,
  0,
  0,
  [
    [
      "cc.JsonAsset",
      [
        "_name",
        "json"
      ],
      1
    ]
  ],
  [
    [
      0,
      0,
      1,
      3
    ]
  ],
  [
    [
      0,
      "Hero",
      {
        "hero_01": {
          "id": "hero_01",
          "skin": "skin_01",
          "component": "Hero01C",
          "name": "RicePorridge",
          "description": "a handsome person.",
          "atk_type": "normal_remote_atk",
          "atk_direction_type": "normal",
          "bullet_num": 5,
          "unit_bullet_num": 2,
          "type": [
            "hero",
            "role"
          ],
          "dmg": {
            "value": 80,
            "max": 80,
            "min": 0
          },
          "dfs": {
            "value": 80,
            "max": 80,
            "min": 0
          },
          "hp": {
            "value": 80,
            "max": 80,
            "min": 0
          },
          "mp": {
            "value": 80,
            "max": 80,
            "min": 0
          },
          "bullet": [
            {
              "id": "fire_ball_bullet",
              "value": 10000,
              "max": 10000,
              "mix": 0
            }
          ],
          "bullet_state": [
            {
              "id": "normal",
              "value": 10000,
              "max": 10000,
              "mix": 0
            }
          ],
          "bullet_speed": {
            "value": 1000,
            "max": 8000,
            "min": 0
          },
          "atk_speed": {
            "value": 3,
            "max": 100,
            "min": 0
          },
          "atk_range": {
            "value": 800,
            "max": 1334,
            "min": 0
          },
          "luck": {
            "value": 8,
            "max": 20,
            "min": 0
          },
          "speed": {
            "value": 8,
            "max": 20,
            "min": 0
          },
          "moveTiled": [
            "tiled_201"
          ],
          "prop": {}
        }
      }
    ]
  ],
  0,
  0,
  [],
  [],
  []
]