[
  1,
  [
    "6eBWFz0oVHPLIGQKf/9Thu",
    "ecpdLyjvZBwrvm+cedCcQy",
    "8c20Sso/ZEn7NUfNSM+EBh"
  ],
  [
    "node",
    "_textureSetter",
    "sprite",
    "scene",
    "_parent",
    "_spriteFrame"
  ],
  [
    [
      "cc.Node",
      [
        "_name",
        "_id",
        "_components",
        "_contentSize",
        "_trs",
        "_children",
        "_parent"
      ],
      1,
      9,
      5,
      7,
      2,
      1
    ],
    "cc.SpriteFrame",
    [
      "cc.SceneAsset",
      [
        "_name",
        "asyncLoadAssets"
      ],
      1
    ],
    [
      "cc.Node",
      [
        "_name",
        "_parent",
        "_components",
        "_contentSize"
      ],
      2,
      1,
      2,
      5
    ],
    [
      "cc.Canvas",
      [
        "node"
      ],
      3,
      1
    ],
    [
      "cc.Widget",
      [
        "_alignFlags",
        "node"
      ],
      2,
      1
    ],
    [
      "604732Z895NmIlBbuSOGX5i",
      [
        "node",
        "sprite"
      ],
      3,
      1,
      1
    ],
    [
      "cc.Scene",
      [
        "_name",
        "autoReleaseAssets",
        "_children",
        "_anchorPoint",
        "_trs"
      ],
      1,
      2,
      5,
      7
    ],
    [
      "cc.Camera",
      [
        "_clearFlags",
        "_depth",
        "node"
      ],
      1,
      1
    ],
    [
      "cc.Sprite",
      [
        "node",
        "_materials"
      ],
      3,
      1,
      3
    ]
  ],
  [
    [
      2,
      0,
      1,
      3
    ],
    [
      0,
      0,
      1,
      5,
      2,
      3,
      4,
      3
    ],
    [
      0,
      0,
      6,
      2,
      3,
      4,
      2
    ],
    [
      3,
      0,
      1,
      2,
      3,
      2
    ],
    [
      4,
      0,
      1
    ],
    [
      5,
      0,
      1,
      2
    ],
    [
      6,
      0,
      1,
      1
    ],
    [
      7,
      0,
      1,
      2,
      3,
      4,
      3
    ],
    [
      8,
      0,
      1,
      2,
      3
    ],
    [
      9,
      0,
      1,
      1
    ]
  ],
  [
    [
      [
        {
          "name": "default_sprite",
          "rect": [
            0,
            2,
            40,
            36
          ],
          "offset": [
            0,
            0
          ],
          "originalSize": [
            40,
            40
          ],
          "capInsets": [
            0,
            0,
            0,
            0
          ]
        }
      ],
      [
        1
      ],
      0,
      [
        0
      ],
      [
        1
      ],
      [
        0
      ]
    ],
    [
      [
        [
          0,
          "AssetManager",
          null
        ],
        [
          1,
          "Canvas",
          "a5esZu+45LA5mBpvttspPD",
          [
            -5,
            -6
          ],
          [
            [
              4,
              -1
            ],
            [
              5,
              45,
              -2
            ],
            [
              6,
              -4,
              -3
            ]
          ],
          [
            5,
            960,
            640
          ],
          [
            480,
            320,
            0,
            0,
            0,
            0,
            1,
            1,
            1,
            1
          ]
        ],
        [
          7,
          "New Node",
          true,
          [
            1
          ],
          [
            0,
            0,
            0
          ],
          [
            0,
            0,
            0,
            0,
            0,
            0,
            1,
            1,
            1,
            1
          ]
        ],
        [
          2,
          "Main Camera",
          1,
          [
            [
              8,
              7,
              -1,
              -7
            ]
          ],
          [
            5,
            960,
            640
          ],
          [
            0,
            0,
            548.4924306043008,
            0,
            0,
            0,
            1,
            1,
            1,
            1
          ]
        ],
        [
          3,
          "mian",
          1,
          [
            -8
          ],
          [
            5,
            40,
            36
          ]
        ],
        [
          9,
          4,
          [
            0
          ]
        ]
      ],
      0,
      [
        0,
        0,
        1,
        0,
        0,
        1,
        0,
        2,
        5,
        0,
        0,
        1,
        0,
        -1,
        3,
        0,
        -2,
        4,
        0,
        0,
        3,
        0,
        -1,
        5,
        0,
        3,
        2,
        1,
        4,
        2,
        8
      ],
      [
        0,
        5
      ],
      [
        -1,
        5
      ],
      [
        1,
        2
      ]
    ]
  ]
]