[
  1,
  0,
  0,
  [
    [
      "cc.JsonAsset",
      [
        "_name",
        "json"
      ],
      1
    ]
  ],
  [
    [
      0,
      0,
      1,
      3
    ]
  ],
  [
    [
      0,
      "Map",
      {
        "tiledEnum": {
          "wall": "tiled_100",
          "road": "tiled_201"
        },
        "tiled_100": {
          "id": 100,
          "moveExpend": 10000
        },
        "tiled_201": {
          "id": 201,
          "moveExpend": 10
        }
      }
    ]
  ],
  0,
  0,
  [],
  [],
  []
]