{
    "paths": {
        "4ehwiEAhhDqLLFj7oFywbJ": [
            "json/Bullet",
            "cc.JsonAsset"
        ],
        "ceYnzh3ldPuaushzXGeioD": [
            "json/Enemy",
            "cc.JsonAsset"
        ],
        "54FFFbKppC+K2IidHoqE19": [
            "json/Equipment",
            "cc.JsonAsset"
        ],
        "13mksJRstJIrTgklCilnaz": [
            "json/Formula",
            "cc.JsonAsset"
        ],
        "44eTjM4LJH7oRFsyQBLT80": [
            "json/Hero",
            "cc.JsonAsset"
        ],
        "7avVHmM3VFmqnwxFz8WAo4": [
            "json/Map",
            "cc.JsonAsset"
        ],
        "47SN6PvEJAuYjV4nZJpQCG": [
            "json/Prop",
            "cc.JsonAsset"
        ],
        "73VpMd2YJIRr2QSRzHzRq9": [
            "json/README",
            "cc.TextAsset"
        ],
        "e26fa8L8ZH+oT5tbG8sij0": [
            "json/Skill",
            "cc.JsonAsset"
        ],
        "d6/G6XE0tIQpUhDFvKyRC6": [
            "json/SystemConfig",
            "cc.JsonAsset"
        ],
        "adVGAaLrFHM4LVWb5mq2Qv": [
            "prefab/bullet/bullet",
            "cc.Prefab"
        ],
        "a6CZ07zrNLBb3tqZqD0PLD": [
            "prefab/item",
            "cc.Prefab"
        ],
        "cc29ABj6VAwq2tf13GyX77": [
            "prefab/role/role",
            "cc.Prefab"
        ],
        "07o3/7rH9HNp0ZOCpZQLSi": [
            "shader/FlipCard/FlipCard",
            "cc.EffectAsset"
        ],
        "f95YQkZs1Nb5uKKmrE8vbP": [
            "shader/FlipCard/FlipCard",
            "cc.Material"
        ],
        "3flpsTvwZHmZhm0FMaIwVV": [
            "shader/GraphicsCustom/graphics_custom",
            "cc.EffectAsset"
        ],
        "b9lDhRV3VALoLxHA6LUe1h": [
            "shader/GraphicsCustom/graphics_custom",
            "cc.Material"
        ],
        "edRNtI4OlNiZ5pJeaLOInj": [
            "shader/MovingBG/MovingBG",
            "cc.Material"
        ],
        "f3LUK0mhNIXJLf6wTACpFr": [
            "shader/MovingBG/MovingBG",
            "cc.EffectAsset"
        ],
        "86Z37VWbVDy7gAPhWK7vj2": [
            "shader/ReflectWater/ReflectWater",
            "cc.Material"
        ],
        "e8OVtJEzdDRroeJLbCojqQ": [
            "shader/ReflectWater/ReflectWater",
            "cc.EffectAsset"
        ],
        "6cKrUTbFVDBLLfv2MqgsTs": [
            "shader/ShaderView/ShadowView",
            "cc.Material"
        ],
        "f4mm8zvDZI+o1loAQ0b3l5": [
            "shader/ShaderView/ShadowView",
            "cc.EffectAsset"
        ],
        "5fsuk1KulPg49XuSSdIgjO": [
            "shader/Shadow/shadow",
            "cc.Material"
        ],
        "eaH2xAr8RHGbe3T/pBdoSy": [
            "shader/Shadow/shadow",
            "cc.EffectAsset"
        ],
        "69jfg8/3JDmYt2AvM6uyDM": [
            "shader/Tiled/Tiled",
            "cc.EffectAsset"
        ],
        "d07UIkEcxJ6ZDVJllIBUng": [
            "shader/Tiled/Tiled",
            "cc.Material"
        ],
        "ceFbS9QcRFVbeMbw5/XYeJ": [
            "shader/WaterLoad/WaterLoad",
            "cc.EffectAsset"
        ],
        "f7+EcvKk5FSLmCQ5Lx3Z+n": [
            "shader/WaterLoad/WaterLoad",
            "cc.Material"
        ],
        "75CNfbh1VB3qiFu5y3lX6G": [
            "shader/WaveFlag/WaveFlag",
            "cc.EffectAsset"
        ],
        "dc04MaonNNSqIb1m8JK/4N": [
            "shader/WaveFlag/WaveFlag",
            "cc.Material"
        ],
        "6dzrrqwK9PBIJGsVwxzS4i": [
            "shader/light/light",
            "cc.Material"
        ],
        "9bGHbKd2hO+79vNtq+wZwA": [
            "shader/light/light",
            "cc.EffectAsset"
        ],
        "2fFxgrF71N/q3pJzE1naaY": [
            "shader/magnifier/magnifier",
            "cc.Material"
        ],
        "68/YKC/GNACZsvSIziYoEP": [
            "shader/magnifier/magnifier",
            "cc.EffectAsset"
        ],
        "17Xhcs4M9Fq4cCa9IlSIfC": [
            "textures/CardBack",
            "cc.Texture2D"
        ],
        "e89PmzXbRKI729TWKRPHVG": [
            "textures/CardBack",
            "cc.SpriteFrame",
            1
        ],
        "15q7j+ziFCJKGq4tVL73/z": [
            "textures/CardFace",
            "cc.SpriteFrame",
            1
        ],
        "e1towdvRRB76gMhv97Ug8F": [
            "textures/CardFace",
            "cc.Texture2D"
        ],
        "162aXZmiRJwob3SIyC0uxh": [
            "textures/Debris_Clothes",
            "cc.Texture2D"
        ],
        "52XrT88cRGBrk+45LYKmVF": [
            "textures/Debris_Clothes",
            "cc.SpriteFrame",
            1
        ],
        "a5NohLsPRO8KBUjwmxPiCI": [
            "textures/lottery/img/体力",
            "cc.SpriteFrame",
            1
        ],
        "ecrNTkpbtHoKIaHD93LkA1": [
            "textures/lottery/img/体力",
            "cc.Texture2D"
        ],
        "79uh0k6nJO5Zns2/VFWQGo": [
            "textures/lottery/img/复选框-1",
            "cc.SpriteFrame",
            1
        ],
        "efGNk0EnxG4pnZlRXW0oLo": [
            "textures/lottery/img/复选框-1",
            "cc.Texture2D"
        ],
        "02j21uV09FSoh2zt1HMKNl": [
            "textures/lottery/img/复选框-2",
            "cc.Texture2D"
        ],
        "526eu3MB1KbpiwE1VY3beX": [
            "textures/lottery/img/复选框-2",
            "cc.SpriteFrame",
            1
        ],
        "3dudA308dDoam2jq2BnkC0": [
            "textures/lottery/img/奖励底框-1",
            "cc.Texture2D"
        ],
        "3fA6Wmvq1AkoGNjcHsEuo5": [
            "textures/lottery/img/奖励底框-1",
            "cc.SpriteFrame",
            1
        ],
        "2d+omj0chDVIBHdQMC4QZI": [
            "textures/lottery/img/奖励底框-2",
            "cc.Texture2D"
        ],
        "5fwW98pN5BE6YsmUOx5uSa": [
            "textures/lottery/img/奖励底框-2",
            "cc.SpriteFrame",
            1
        ],
        "8fyjAqVBlChJrdhCRHXfH0": [
            "textures/lottery/img/宝箱",
            "cc.SpriteFrame",
            1
        ],
        "baCIYrbHxDm7I0imUt/meG": [
            "textures/lottery/img/宝箱",
            "cc.Texture2D"
        ],
        "52+EfI4dZMvboEORuOAli8": [
            "textures/lottery/img/广告icon",
            "cc.SpriteFrame",
            1
        ],
        "efkfseD01Cc40gEcYK108h": [
            "textures/lottery/img/广告icon",
            "cc.Texture2D"
        ],
        "36P3A1HVhIyaLp6kPLFJNk": [
            "textures/lottery/img/底框",
            "cc.SpriteFrame",
            1
        ],
        "63tAZ1bKZONYPg00tQaACR": [
            "textures/lottery/img/底框",
            "cc.Texture2D"
        ],
        "275X1VudlPvpytd0KQgdWp": [
            "textures/lottery/img/按钮底框",
            "cc.Texture2D"
        ],
        "34wEMnvvlMxoafb9U38kN5": [
            "textures/lottery/img/按钮底框",
            "cc.SpriteFrame",
            1
        ],
        "98QSOwhU9PzoUWIFZBlyLJ": [
            "textures/lottery/img/未中奖",
            "cc.SpriteFrame",
            1
        ],
        "b8bZ3ToZ1PzJCXagYrzIci": [
            "textures/lottery/img/未中奖",
            "cc.Texture2D"
        ],
        "afb0N/M0dIbp5dYy9XbgHi": [
            "textures/lottery/img/横幅",
            "cc.Texture2D"
        ],
        "f9RS8fSLJMjaTo/dTLA7EO": [
            "textures/lottery/img/横幅",
            "cc.SpriteFrame",
            1
        ],
        "33XjkUdhdE5aLif/R8XMjw": [
            "textures/lottery/img/金钥匙",
            "cc.Texture2D"
        ],
        "e8U/21MMNHAIQW0Zgh+qRQ": [
            "textures/lottery/img/金钥匙",
            "cc.SpriteFrame",
            1
        ],
        "58/yLkhr5F85CveISaelsl": [
            "textures/lottery/sounds/开宝箱音效",
            "cc.AudioClip"
        ],
        "a9c5lbyolO45ABPthsSQ90": [
            "textures/lottery/sounds/通用按钮点击音效",
            "cc.AudioClip"
        ],
        "9f+oaUaHlPJ5Z13m0BSTzx": [
            "textures/tiled/drop-alpha",
            "cc.SpriteFrame",
            1
        ],
        "c4FFcSpNpO3aIaxWB2fFk4": [
            "textures/tiled/drop-alpha",
            "cc.Texture2D"
        ],
        "48ku6D3/hF/LuqWIV92h4q": [
            "textures/tiled/hello",
            "cc.Texture2D"
        ],
        "5eMGv5nqVH057zCYElPEEP": [
            "textures/tiled/hello",
            "cc.SpriteFrame",
            1
        ],
        "8bctNwvcJB5ZncYew4BIjf": [
            "textures/tiled/tile1",
            "cc.Texture2D"
        ],
        "9dXWL7QrBEBJfE7ctbhO54": [
            "textures/tiled/tile1",
            "cc.SpriteFrame",
            1
        ],
        "99sc9xvfRIkqE01eP2SPJK": [
            "textures/tiled/tile2",
            "cc.Texture2D"
        ],
        "cfGuSocPxNa4ZG24hE42pF": [
            "textures/tiled/tile2",
            "cc.SpriteFrame",
            1
        ],
        "27X3OU2W9FJ7yEvgZt8LIC": [
            "textures/tiled/tile3",
            "cc.SpriteFrame",
            1
        ],
        "ef1Ii2tQ5Hw4IqmiRZAzrd": [
            "textures/tiled/tile3",
            "cc.Texture2D"
        ],
        "1coyFg2TRN86ZI6GBFAyDd": [
            "textures/tiled/tile4",
            "cc.SpriteFrame",
            1
        ],
        "b07nS9ITRD05DrtuR4GUay": [
            "textures/tiled/tile4",
            "cc.Texture2D"
        ],
        "07h9XNzPxJ1b0OhPsC3+DN": [
            "textures/tiled/tile5",
            "cc.SpriteFrame",
            1
        ],
        "98BB1xsrBBraXT+HdTcFoe": [
            "textures/tiled/tile5",
            "cc.Texture2D"
        ],
        "72fjDAAIJGDaDAy7InRDS6": [
            "textures/tiled/tile6",
            "cc.Texture2D"
        ],
        "e0aa91k5tAZq3N7/nXMtsK": [
            "textures/tiled/tile6",
            "cc.SpriteFrame",
            1
        ],
        "52DYV8af9OW4SiO/aPIx/I": [
            "textures/tiled/tile7",
            "cc.SpriteFrame",
            1
        ],
        "feq7ysQgJH/bZDs4y40ewA": [
            "textures/tiled/tile7",
            "cc.Texture2D"
        ],
        "d9i34uLh9OP4ZBcrJlG7sp": [
            "zip/config",
            "cc.Asset"
        ]
    },
    "uuids": [
        "02j21uV09FSoh2zt1HMKNl",
        "07h9XNzPxJ1b0OhPsC3+DN",
        "07o3/7rH9HNp0ZOCpZQLSi",
        "13mksJRstJIrTgklCilnaz",
        "15q7j+ziFCJKGq4tVL73/z",
        "162aXZmiRJwob3SIyC0uxh",
        "17Xhcs4M9Fq4cCa9IlSIfC",
        "1coyFg2TRN86ZI6GBFAyDd",
        "27X3OU2W9FJ7yEvgZt8LIC",
        "275X1VudlPvpytd0KQgdWp",
        "2d+omj0chDVIBHdQMC4QZI",
        "2fFxgrF71N/q3pJzE1naaY",
        "33XjkUdhdE5aLif/R8XMjw",
        "34wEMnvvlMxoafb9U38kN5",
        "36P3A1HVhIyaLp6kPLFJNk",
        "3dudA308dDoam2jq2BnkC0",
        "3fA6Wmvq1AkoGNjcHsEuo5",
        "3flpsTvwZHmZhm0FMaIwVV",
        "44eTjM4LJH7oRFsyQBLT80",
        "47SN6PvEJAuYjV4nZJpQCG",
        "48ku6D3/hF/LuqWIV92h4q",
        "4ehwiEAhhDqLLFj7oFywbJ",
        "52DYV8af9OW4SiO/aPIx/I",
        "52XrT88cRGBrk+45LYKmVF",
        "526eu3MB1KbpiwE1VY3beX",
        "52+EfI4dZMvboEORuOAli8",
        "54FFFbKppC+K2IidHoqE19",
        "58/yLkhr5F85CveISaelsl",
        "5eMGv5nqVH057zCYElPEEP",
        "5fsuk1KulPg49XuSSdIgjO",
        "5fwW98pN5BE6YsmUOx5uSa",
        "63tAZ1bKZONYPg00tQaACR",
        "68/YKC/GNACZsvSIziYoEP",
        "69jfg8/3JDmYt2AvM6uyDM",
        "6cKrUTbFVDBLLfv2MqgsTs",
        "6dzrrqwK9PBIJGsVwxzS4i",
        "72fjDAAIJGDaDAy7InRDS6",
        "73VpMd2YJIRr2QSRzHzRq9",
        "75CNfbh1VB3qiFu5y3lX6G",
        "79uh0k6nJO5Zns2/VFWQGo",
        "7avVHmM3VFmqnwxFz8WAo4",
        "86Z37VWbVDy7gAPhWK7vj2",
        "8bctNwvcJB5ZncYew4BIjf",
        "8fyjAqVBlChJrdhCRHXfH0",
        "98BB1xsrBBraXT+HdTcFoe",
        "98QSOwhU9PzoUWIFZBlyLJ",
        "99sc9xvfRIkqE01eP2SPJK",
        "9bGHbKd2hO+79vNtq+wZwA",
        "9dXWL7QrBEBJfE7ctbhO54",
        "9f+oaUaHlPJ5Z13m0BSTzx",
        "a5NohLsPRO8KBUjwmxPiCI",
        "a6CZ07zrNLBb3tqZqD0PLD",
        "a9c5lbyolO45ABPthsSQ90",
        "adVGAaLrFHM4LVWb5mq2Qv",
        "afb0N/M0dIbp5dYy9XbgHi",
        "b07nS9ITRD05DrtuR4GUay",
        "b8bZ3ToZ1PzJCXagYrzIci",
        "b9lDhRV3VALoLxHA6LUe1h",
        "baCIYrbHxDm7I0imUt/meG",
        "c4FFcSpNpO3aIaxWB2fFk4",
        "cc29ABj6VAwq2tf13GyX77",
        "ceFbS9QcRFVbeMbw5/XYeJ",
        "ceYnzh3ldPuaushzXGeioD",
        "cfGuSocPxNa4ZG24hE42pF",
        "d07UIkEcxJ6ZDVJllIBUng",
        "d6/G6XE0tIQpUhDFvKyRC6",
        "d9i34uLh9OP4ZBcrJlG7sp",
        "dc04MaonNNSqIb1m8JK/4N",
        "e0aa91k5tAZq3N7/nXMtsK",
        "e1towdvRRB76gMhv97Ug8F",
        "e26fa8L8ZH+oT5tbG8sij0",
        "e8OVtJEzdDRroeJLbCojqQ",
        "e8U/21MMNHAIQW0Zgh+qRQ",
        "e89PmzXbRKI729TWKRPHVG",
        "eaH2xAr8RHGbe3T/pBdoSy",
        "ecpdLyjvZBwrvm+cedCcQy",
        "ecrNTkpbtHoKIaHD93LkA1",
        "edRNtI4OlNiZ5pJeaLOInj",
        "efGNk0EnxG4pnZlRXW0oLo",
        "efkfseD01Cc40gEcYK108h",
        "ef1Ii2tQ5Hw4IqmiRZAzrd",
        "f3LUK0mhNIXJLf6wTACpFr",
        "f4mm8zvDZI+o1loAQ0b3l5",
        "f7+EcvKk5FSLmCQ5Lx3Z+n",
        "f9RS8fSLJMjaTo/dTLA7EO",
        "f95YQkZs1Nb5uKKmrE8vbP",
        "feq7ysQgJH/bZDs4y40ewA"
    ],
    "scenes": {},
    "redirect": [
        "ecpdLyjvZBwrvm+cedCcQy",
        0
    ],
    "deps": [
        "internal"
    ],
    "packs": {
        "01d7bb924": [
            "75CNfbh1VB3qiFu5y3lX6G",
            "dc04MaonNNSqIb1m8JK/4N"
        ],
        "026e3eb83": [
            "5fsuk1KulPg49XuSSdIgjO",
            "eaH2xAr8RHGbe3T/pBdoSy"
        ],
        "05b2c4312": [
            "2fFxgrF71N/q3pJzE1naaY",
            "68/YKC/GNACZsvSIziYoEP"
        ],
        "0677923d6": [
            "3flpsTvwZHmZhm0FMaIwVV",
            "b9lDhRV3VALoLxHA6LUe1h"
        ],
        "07743fe5a": [
            "6dzrrqwK9PBIJGsVwxzS4i",
            "9bGHbKd2hO+79vNtq+wZwA"
        ],
        "07b0b5712": [
            "edRNtI4OlNiZ5pJeaLOInj",
            "f3LUK0mhNIXJLf6wTACpFr"
        ],
        "083f874ef": [
            "69jfg8/3JDmYt2AvM6uyDM",
            "d07UIkEcxJ6ZDVJllIBUng"
        ],
        "09beb9010": [
            "07o3/7rH9HNp0ZOCpZQLSi",
            "f95YQkZs1Nb5uKKmrE8vbP"
        ],
        "0b2fd966e": [
            "02j21uV09FSoh2zt1HMKNl",
            "162aXZmiRJwob3SIyC0uxh",
            "17Xhcs4M9Fq4cCa9IlSIfC",
            "275X1VudlPvpytd0KQgdWp",
            "2d+omj0chDVIBHdQMC4QZI",
            "33XjkUdhdE5aLif/R8XMjw",
            "3dudA308dDoam2jq2BnkC0",
            "48ku6D3/hF/LuqWIV92h4q",
            "63tAZ1bKZONYPg00tQaACR",
            "72fjDAAIJGDaDAy7InRDS6",
            "8bctNwvcJB5ZncYew4BIjf",
            "98BB1xsrBBraXT+HdTcFoe",
            "99sc9xvfRIkqE01eP2SPJK",
            "afb0N/M0dIbp5dYy9XbgHi",
            "b07nS9ITRD05DrtuR4GUay",
            "b8bZ3ToZ1PzJCXagYrzIci",
            "baCIYrbHxDm7I0imUt/meG",
            "c4FFcSpNpO3aIaxWB2fFk4",
            "e1towdvRRB76gMhv97Ug8F",
            "ecrNTkpbtHoKIaHD93LkA1",
            "efGNk0EnxG4pnZlRXW0oLo",
            "efkfseD01Cc40gEcYK108h",
            "ef1Ii2tQ5Hw4IqmiRZAzrd",
            "feq7ysQgJH/bZDs4y40ewA"
        ],
        "0cae649ea": [
            "6cKrUTbFVDBLLfv2MqgsTs",
            "f4mm8zvDZI+o1loAQ0b3l5"
        ],
        "0cdd2f879": [
            "86Z37VWbVDy7gAPhWK7vj2",
            "e8OVtJEzdDRroeJLbCojqQ"
        ],
        "0e3783d5b": [
            "3fA6Wmvq1AkoGNjcHsEuo5",
            "52+EfI4dZMvboEORuOAli8",
            "58/yLkhr5F85CveISaelsl",
            "5fwW98pN5BE6YsmUOx5uSa",
            "8fyjAqVBlChJrdhCRHXfH0",
            "98QSOwhU9PzoUWIFZBlyLJ",
            "a5NohLsPRO8KBUjwmxPiCI",
            "a6CZ07zrNLBb3tqZqD0PLD",
            "a9c5lbyolO45ABPthsSQ90"
        ],
        "0e4346360": [
            "ceFbS9QcRFVbeMbw5/XYeJ",
            "f7+EcvKk5FSLmCQ5Lx3Z+n"
        ]
    },
    "name": "resources",
    "importBase": "import",
    "nativeBase": "native",
    "debug": true,
    "isZip": false,
    "encrypted": false,
    "versions": {
        "import": [
            "01d7bb924",
            "0e651",
            "026e3eb83",
            "82b94",
            "05b2c4312",
            "a8416",
            "0677923d6",
            "30862",
            "07743fe5a",
            "07d8e",
            "07h9XNzPxJ1b0OhPsC3+DN",
            "a83df",
            "07b0b5712",
            "4d20a",
            "083f874ef",
            "5cc1c",
            "09beb9010",
            "ef65f",
            "0b2fd966e",
            "c7cd4",
            "0cae649ea",
            "78b4a",
            "0cdd2f879",
            "c3c5a",
            "0e3783d5b",
            "ccdd4",
            "0e4346360",
            "28bf9",
            "13mksJRstJIrTgklCilnaz",
            "9a5d9",
            "15q7j+ziFCJKGq4tVL73/z",
            "04f97",
            "1coyFg2TRN86ZI6GBFAyDd",
            "02752",
            "27X3OU2W9FJ7yEvgZt8LIC",
            "32fe0",
            "34wEMnvvlMxoafb9U38kN5",
            "6cdce",
            "36P3A1HVhIyaLp6kPLFJNk",
            "4774b",
            "44eTjM4LJH7oRFsyQBLT80",
            "e3cbf",
            "47SN6PvEJAuYjV4nZJpQCG",
            "87001",
            "4ehwiEAhhDqLLFj7oFywbJ",
            "96d3a",
            "52DYV8af9OW4SiO/aPIx/I",
            "d6705",
            "52XrT88cRGBrk+45LYKmVF",
            "16b0a",
            "526eu3MB1KbpiwE1VY3beX",
            "a3321",
            "54FFFbKppC+K2IidHoqE19",
            "57796",
            "5eMGv5nqVH057zCYElPEEP",
            "756dd",
            "73VpMd2YJIRr2QSRzHzRq9",
            "c92aa",
            "79uh0k6nJO5Zns2/VFWQGo",
            "6eef8",
            "7avVHmM3VFmqnwxFz8WAo4",
            "d2f93",
            "9dXWL7QrBEBJfE7ctbhO54",
            "b9e55",
            "9f+oaUaHlPJ5Z13m0BSTzx",
            "a5325",
            "adVGAaLrFHM4LVWb5mq2Qv",
            "775f1",
            "cc29ABj6VAwq2tf13GyX77",
            "8470b",
            "ceYnzh3ldPuaushzXGeioD",
            "eebb9",
            "cfGuSocPxNa4ZG24hE42pF",
            "3bb68",
            "d6/G6XE0tIQpUhDFvKyRC6",
            "2fad2",
            "d9i34uLh9OP4ZBcrJlG7sp",
            "9f6ac",
            "e0aa91k5tAZq3N7/nXMtsK",
            "3e966",
            "e26fa8L8ZH+oT5tbG8sij0",
            "a1411",
            "e8U/21MMNHAIQW0Zgh+qRQ",
            "61538",
            "e89PmzXbRKI729TWKRPHVG",
            "32917",
            "f9RS8fSLJMjaTo/dTLA7EO",
            "22b43"
        ],
        "native": [
            "02j21uV09FSoh2zt1HMKNl",
            "72e89",
            "162aXZmiRJwob3SIyC0uxh",
            "ad3df",
            "17Xhcs4M9Fq4cCa9IlSIfC",
            "ed9d6",
            "275X1VudlPvpytd0KQgdWp",
            "ac2ee",
            "2d+omj0chDVIBHdQMC4QZI",
            "239ba",
            "33XjkUdhdE5aLif/R8XMjw",
            "65958",
            "3dudA308dDoam2jq2BnkC0",
            "4dbfd",
            "48ku6D3/hF/LuqWIV92h4q",
            "55ea4",
            "58/yLkhr5F85CveISaelsl",
            "33f13",
            "63tAZ1bKZONYPg00tQaACR",
            "942f9",
            "72fjDAAIJGDaDAy7InRDS6",
            "513b2",
            "8bctNwvcJB5ZncYew4BIjf",
            "ac363",
            "98BB1xsrBBraXT+HdTcFoe",
            "11edf",
            "99sc9xvfRIkqE01eP2SPJK",
            "8da4e",
            "a9c5lbyolO45ABPthsSQ90",
            "7572f",
            "afb0N/M0dIbp5dYy9XbgHi",
            "80e4b",
            "b07nS9ITRD05DrtuR4GUay",
            "e8950",
            "b8bZ3ToZ1PzJCXagYrzIci",
            "e000d",
            "baCIYrbHxDm7I0imUt/meG",
            "e7ed7",
            "c4FFcSpNpO3aIaxWB2fFk4",
            "7c3ee",
            "d9i34uLh9OP4ZBcrJlG7sp",
            "740be",
            "e1towdvRRB76gMhv97Ug8F",
            "7fdc7",
            "ecrNTkpbtHoKIaHD93LkA1",
            "4d3a2",
            "efGNk0EnxG4pnZlRXW0oLo",
            "92bdb",
            "efkfseD01Cc40gEcYK108h",
            "d5401",
            "ef1Ii2tQ5Hw4IqmiRZAzrd",
            "6b5c7",
            "feq7ysQgJH/bZDs4y40ewA",
            "30e62"
        ]
    }
}