{
    "paths": {},
    "uuids": [
        "02delMVqdBD70a/HSD99FK",
        "02kcE0s9pAmLe145ftvpR/",
        "0aZVe2WLlHPo1RcAMLvwBU",
        "15q7j+ziFCJKGq4tVL73/z",
        "17Xhcs4M9Fq4cCa9IlSIfC",
        "27X3OU2W9FJ7yEvgZt8LIC",
        "29FYIk+N1GYaeWH/q1NxQO",
        "2fFxgrF71N/q3pJzE1naaY",
        "312JYturtOx74Zjp9UpOqZ",
        "34fvvpmbhDZbk2OFsIq1CW",
        "34wEMnvvlMxoafb9U38kN5",
        "36P3A1HVhIyaLp6kPLFJNk",
        "3bYIJ+behOW6BQChcTxxJu",
        "4fKlxULwJG85zl4Fj+xCdU",
        "51h9OAl/dBw4iWmnScYKAO",
        "52XrT88cRGBrk+45LYKmVF",
        "526eu3MB1KbpiwE1VY3beX",
        "52+EfI4dZMvboEORuOAli8",
        "56fc2Ai/RFNYpaMT8crweK",
        "5eMGv5nqVH057zCYElPEEP",
        "5fsuk1KulPg49XuSSdIgjO",
        "675ovJ2tVK2aLYfgPUWOMv",
        "6eBWFz0oVHPLIGQKf/9Thu",
        "71VhFCTINJM6/Ky3oX9nBT",
        "79uh0k6nJO5Zns2/VFWQGo",
        "7abEoA4ltJyYHpT/rg3koz",
        "7a0ZCSHlBK1rgKsCOTIpIz",
        "84hKYOgvlKo5X5v7QEtdh4",
        "8855/VlrRKd6H0MSRnFxAU",
        "8c20Sso/ZEn7NUfNSM+EBh",
        "99FwsL0hBG8bITfZ4/IwmK",
        "a1U5RdJRFMFL57BdJC9H1X",
        "a2HgTPiYVBhaeIkyLU9dNJ",
        "a2MjXRFdtLlYQ5ouAFv/+R",
        "a6CZ07zrNLBb3tqZqD0PLD",
        "aae5xE92RPRJiMCRWILdf6",
        "abWtoDYNpN9bjECV5vLlkl",
        "b4P/PCArtIdIH38t6mlw8Y",
        "b9lDhRV3VALoLxHA6LUe1h",
        "c8vSsggKtCoalqBEe5yvWx",
        "cf73jxyN9Jt47QTJU6ziYh",
        "d07UIkEcxJ6ZDVJllIBUng",
        "dc04MaonNNSqIb1m8JK/4N",
        "e1towdvRRB76gMhv97Ug8F",
        "e7q6FL+VZEgLJUjVeDLic/",
        "e8Ueib+qJEhL6mXAHdnwbi",
        "e8U/21MMNHAIQW0Zgh+qRQ",
        "e97GVMl6JHh5Ml5qEDdSGa",
        "ebPkwt5+FCKaSuj3oaRz1x",
        "ecpdLyjvZBwrvm+cedCcQy",
        "ed0hW5J5ZKBar1gflskoHO",
        "f0BIwQ8D5Ml7nTNQbh1YlS",
        "f7+EcvKk5FSLmCQ5Lx3Z+n",
        "f9RS8fSLJMjaTo/dTLA7EO",
        "ffDpHHVcZAhqOfy25Fe4w7"
    ],
    "scenes": {
        "db://assets/scenes/AssetManager.fire": "ebPkwt5+FCKaSuj3oaRz1x",
        "db://assets/scenes/ConvexLens.fire": "34fvvpmbhDZbk2OFsIq1CW",
        "db://assets/scenes/DynamicShadow.fire": "7a0ZCSHlBK1rgKsCOTIpIz",
        "db://assets/scenes/EnclosureGame.fire": "3bYIJ+behOW6BQChcTxxJu",
        "db://assets/scenes/FlipCard.fire": "4fKlxULwJG85zl4Fj+xCdU",
        "db://assets/scenes/FlipPage.fire": "abWtoDYNpN9bjECV5vLlkl",
        "db://assets/scenes/lottery.fire": "0aZVe2WLlHPo1RcAMLvwBU",
        "db://assets/scenes/Mvvm.fire": "a2HgTPiYVBhaeIkyLU9dNJ",
        "db://assets/scenes/RayCollision.fire": "aae5xE92RPRJiMCRWILdf6",
        "db://assets/scenes/WaterAtk.fire": "7abEoA4ltJyYHpT/rg3koz",
        "db://assets/scenes/WaterFlag.fire": "84hKYOgvlKo5X5v7QEtdh4",
        "db://assets/scenes/WaveFlag.fire": "51h9OAl/dBw4iWmnScYKAO",
        "db://assets/scenes/Zip.fire": "c8vSsggKtCoalqBEe5yvWx"
    },
    "redirect": [
        "02delMVqdBD70a/HSD99FK",
        0,
        "15q7j+ziFCJKGq4tVL73/z",
        1,
        "17Xhcs4M9Fq4cCa9IlSIfC",
        1,
        "27X3OU2W9FJ7yEvgZt8LIC",
        1,
        "2fFxgrF71N/q3pJzE1naaY",
        1,
        "34wEMnvvlMxoafb9U38kN5",
        1,
        "36P3A1HVhIyaLp6kPLFJNk",
        1,
        "52XrT88cRGBrk+45LYKmVF",
        1,
        "526eu3MB1KbpiwE1VY3beX",
        1,
        "52+EfI4dZMvboEORuOAli8",
        1,
        "5eMGv5nqVH057zCYElPEEP",
        1,
        "5fsuk1KulPg49XuSSdIgjO",
        1,
        "79uh0k6nJO5Zns2/VFWQGo",
        1,
        "a1U5RdJRFMFL57BdJC9H1X",
        0,
        "a6CZ07zrNLBb3tqZqD0PLD",
        1,
        "b9lDhRV3VALoLxHA6LUe1h",
        1,
        "d07UIkEcxJ6ZDVJllIBUng",
        1,
        "dc04MaonNNSqIb1m8JK/4N",
        1,
        "e1towdvRRB76gMhv97Ug8F",
        1,
        "e8U/21MMNHAIQW0Zgh+qRQ",
        1,
        "ecpdLyjvZBwrvm+cedCcQy",
        0,
        "f7+EcvKk5FSLmCQ5Lx3Z+n",
        1,
        "f9RS8fSLJMjaTo/dTLA7EO",
        1
    ],
    "deps": [
        "internal",
        "resources"
    ],
    "packs": {
        "02e4aa7da": [
            "0aZVe2WLlHPo1RcAMLvwBU",
            "29FYIk+N1GYaeWH/q1NxQO",
            "a2MjXRFdtLlYQ5ouAFv/+R",
            "e97GVMl6JHh5Ml5qEDdSGa",
            "f0BIwQ8D5Ml7nTNQbh1YlS"
        ],
        "0560bccc1": [
            "02kcE0s9pAmLe145ftvpR/",
            "56fc2Ai/RFNYpaMT8crweK",
            "6eBWFz0oVHPLIGQKf/9Thu",
            "71VhFCTINJM6/Ky3oX9nBT",
            "99FwsL0hBG8bITfZ4/IwmK",
            "b4P/PCArtIdIH38t6mlw8Y",
            "cf73jxyN9Jt47QTJU6ziYh",
            "e8Ueib+qJEhL6mXAHdnwbi",
            "ed0hW5J5ZKBar1gflskoHO"
        ],
        "0875c03dc": [
            "7a0ZCSHlBK1rgKsCOTIpIz",
            "a2MjXRFdtLlYQ5ouAFv/+R"
        ],
        "08fc64dec": [
            "8c20Sso/ZEn7NUfNSM+EBh",
            "ebPkwt5+FCKaSuj3oaRz1x"
        ],
        "093e1e81a": [
            "7abEoA4ltJyYHpT/rg3koz",
            "a2MjXRFdtLlYQ5ouAFv/+R"
        ],
        "0ade45f45": [
            "29FYIk+N1GYaeWH/q1NxQO",
            "312JYturtOx74Zjp9UpOqZ",
            "675ovJ2tVK2aLYfgPUWOMv",
            "8855/VlrRKd6H0MSRnFxAU",
            "a2HgTPiYVBhaeIkyLU9dNJ",
            "e7q6FL+VZEgLJUjVeDLic/",
            "ffDpHHVcZAhqOfy25Fe4w7"
        ],
        "0ae3ff285": [
            "29FYIk+N1GYaeWH/q1NxQO",
            "c8vSsggKtCoalqBEe5yvWx",
            "e97GVMl6JHh5Ml5qEDdSGa",
            "f0BIwQ8D5Ml7nTNQbh1YlS"
        ]
    },
    "name": "main",
    "importBase": "import",
    "nativeBase": "native",
    "debug": true,
    "isZip": false,
    "encrypted": false,
    "versions": {
        "import": [
            "02e4aa7da",
            "84d40",
            "0560bccc1",
            "05252",
            "0875c03dc",
            "85c4c",
            "08fc64dec",
            "e850e",
            "093e1e81a",
            "c6cc3",
            "0ade45f45",
            "cefe8",
            "0ae3ff285",
            "bc000",
            "34fvvpmbhDZbk2OFsIq1CW",
            "261e8",
            "3bYIJ+behOW6BQChcTxxJu",
            "15ce5",
            "4fKlxULwJG85zl4Fj+xCdU",
            "525af",
            "51h9OAl/dBw4iWmnScYKAO",
            "434df",
            "84hKYOgvlKo5X5v7QEtdh4",
            "ef6e1",
            "aae5xE92RPRJiMCRWILdf6",
            "0d1b7",
            "abWtoDYNpN9bjECV5vLlkl",
            "5f9f7"
        ],
        "native": [
            "02kcE0s9pAmLe145ftvpR/",
            "b7a3e",
            "56fc2Ai/RFNYpaMT8crweK",
            "5f1d9",
            "6eBWFz0oVHPLIGQKf/9Thu",
            "6d3cf",
            "71VhFCTINJM6/Ky3oX9nBT",
            "c06a9",
            "99FwsL0hBG8bITfZ4/IwmK",
            "d1118",
            "b4P/PCArtIdIH38t6mlw8Y",
            "83fcc",
            "cf73jxyN9Jt47QTJU6ziYh",
            "a4b59",
            "e8Ueib+qJEhL6mXAHdnwbi",
            "90cf4",
            "ed0hW5J5ZKBar1gflskoHO",
            "17df6"
        ]
    }
}