[
  1,
  [
    "3flpsTvwZHmZhm0FMaIwVV"
  ],
  [
    "_effectAsset"
  ],
  [
    [
      "cc.EffectAsset",
      [
        "_name",
        "shaders",
        "techniques"
      ],
      0
    ],
    [
      "cc.Material",
      [
        "_name",
        "_techniqueData"
      ],
      1
    ]
  ],
  [
    [
      0,
      0,
      1,
      2,
      4
    ],
    [
      1,
      0,
      1,
      3
    ]
  ],
  [
    [
      [
        [
          0,
          "graphics_custom",
          [
            {
              "hash": 4269102245,
              "record": null,
              "name": "graphics_custom|vs|fs",
              "glsl3": {
                "vert": "\nprecision highp float;\nuniform CCGlobal {\n  mat4 cc_matView;\n  mat4 cc_matViewInv;\n  mat4 cc_matProj;\n  mat4 cc_matProjInv;\n  mat4 cc_matViewProj;\n  mat4 cc_matViewProjInv;\n  vec4 cc_cameraPos;\n  vec4 cc_time;\n  mediump vec4 cc_screenSize;\n  mediump vec4 cc_screenScale;\n};\nuniform CCLocal {\n  mat4 cc_matWorld;\n  mat4 cc_matWorldIT;\n};\nin vec3 a_position;\nin vec4 a_color;\nout vec4 v_color;\nin float a_dist;\nout float v_dist;\n#if USE_TEXTURE\nin vec2 a_uv0;\nout vec2 v_uv0;\n#endif\nvoid main () {\n  vec4 pos = vec4(a_position, 1);\n  pos = cc_matViewProj * cc_matWorld * pos;\n  #if USE_TEXTURE\n  v_uv0 = a_uv0;\n  #endif\n  v_color = a_color;\n  v_dist = a_dist;\n  gl_Position = pos;\n}",
                "frag": "\n#if CC_SUPPORT_standard_derivatives\n  #extension GL_OES_standard_derivatives : enable\n#endif\nprecision highp float;\n#if USE_ALPHA_TEST\n  uniform ALPHA_TEST {\n    float alphaThreshold;\n  };\n#endif\nvoid ALPHA_TEST (in vec4 color) {\n  #if USE_ALPHA_TEST\n      if (color.a < alphaThreshold) discard;\n  #endif\n}\nvoid ALPHA_TEST (in float alpha) {\n  #if USE_ALPHA_TEST\n      if (alpha < alphaThreshold) discard;\n  #endif\n}\n#if USE_TEXTURE\nin vec2 v_uv0;\nuniform sampler2D texture;\n#endif\nin vec4 v_color;\nin float v_dist;\nvoid main () {\n  vec4 o = v_color;\n  ALPHA_TEST(o);\n  #if CC_SUPPORT_standard_derivatives\n    float aa = fwidth(v_dist);\n  #else\n    float aa = 0.05;\n  #endif\n   #if USE_TEXTURE\n    CCTexture(texture, v_uv0, o);\n  #endif\n  float alpha = 1. - smoothstep(-aa, 0., abs(v_dist) - 1.0);\n  o.rgb *= o.a;\n  o *= alpha;\n  gl_FragColor = o;\n}"
              },
              "glsl1": {
                "vert": "\nprecision highp float;\nuniform mat4 cc_matViewProj;\nuniform mat4 cc_matWorld;\nattribute vec3 a_position;\nattribute vec4 a_color;\nvarying vec4 v_color;\nattribute float a_dist;\nvarying float v_dist;\n#if USE_TEXTURE\nattribute vec2 a_uv0;\nvarying vec2 v_uv0;\n#endif\nvoid main () {\n  vec4 pos = vec4(a_position, 1);\n  pos = cc_matViewProj * cc_matWorld * pos;\n  #if USE_TEXTURE\n  v_uv0 = a_uv0;\n  #endif\n  v_color = a_color;\n  v_dist = a_dist;\n  gl_Position = pos;\n}",
                "frag": "\n#if CC_SUPPORT_standard_derivatives\n  #extension GL_OES_standard_derivatives : enable\n#endif\nprecision highp float;\n#if USE_ALPHA_TEST\n  uniform float alphaThreshold;\n#endif\nvoid ALPHA_TEST (in vec4 color) {\n  #if USE_ALPHA_TEST\n      if (color.a < alphaThreshold) discard;\n  #endif\n}\nvoid ALPHA_TEST (in float alpha) {\n  #if USE_ALPHA_TEST\n      if (alpha < alphaThreshold) discard;\n  #endif\n}\n#if USE_TEXTURE\nvarying vec2 v_uv0;\nuniform sampler2D texture;\n#endif\nvarying vec4 v_color;\nvarying float v_dist;\nvoid main () {\n  vec4 o = v_color;\n  ALPHA_TEST(o);\n  #if CC_SUPPORT_standard_derivatives\n    float aa = fwidth(v_dist);\n  #else\n    float aa = 0.05;\n  #endif\n   #if USE_TEXTURE\n    CCTexture(texture, v_uv0, o);\n  #endif\n  float alpha = 1. - smoothstep(-aa, 0., abs(v_dist) - 1.0);\n  o.rgb *= o.a;\n  o *= alpha;\n  gl_FragColor = o;\n}"
              },
              "builtins": {
                "globals": {
                  "blocks": [
                    {
                      "name": "CCGlobal",
                      "defines": []
                    }
                  ],
                  "samplers": []
                },
                "locals": {
                  "blocks": [
                    {
                      "name": "CCLocal",
                      "defines": []
                    }
                  ],
                  "samplers": []
                }
              },
              "defines": [
                {
                  "name": "USE_TEXTURE",
                  "type": "boolean",
                  "defines": []
                },
                {
                  "name": "CC_SUPPORT_standard_derivatives",
                  "type": "boolean",
                  "defines": []
                },
                {
                  "name": "USE_ALPHA_TEST",
                  "type": "boolean",
                  "defines": []
                }
              ],
              "blocks": [
                {
                  "name": "ALPHA_TEST",
                  "binding": 0,
                  "members": [
                    {
                      "name": "alphaThreshold",
                      "type": 13,
                      "count": 1
                    }
                  ],
                  "defines": [
                    "USE_ALPHA_TEST"
                  ]
                }
              ],
              "samplers": [
                {
                  "name": "texture",
                  "type": 29,
                  "count": 1,
                  "binding": 30,
                  "defines": [
                    "USE_TEXTURE"
                  ]
                }
              ]
            }
          ],
          [
            {
              "passes": [
                {
                  "program": "graphics_custom|vs|fs",
                  "blendState": {
                    "targets": [
                      {
                        "blend": true,
                        "blendSrc": 1,
                        "blendDst": 771,
                        "blendSrcAlpha": 1,
                        "blendDstAlpha": 771
                      }
                    ]
                  },
                  "rasterizerState": {
                    "cullMode": 0
                  },
                  "properties": {
                    "alphaThreshold": {
                      "type": 13,
                      "value": [
                        0.5
                      ]
                    },
                    "texture": {
                      "value": "white",
                      "type": 29
                    }
                  }
                }
              ]
            }
          ]
        ]
      ],
      0,
      0,
      [],
      [],
      []
    ],
    [
      [
        [
          1,
          "graphics_custom",
          {
            "0": {
              "defines": {}
            }
          }
        ]
      ],
      0,
      0,
      [
        0
      ],
      [
        0
      ],
      [
        0
      ]
    ]
  ]
]