[
  1,
  [
    "ecpdLyjvZBwrvm+cedCcQy",
    "5fwW98pN5BE6YsmUOx5uSa",
    "3dudA308dDoam2jq2BnkC0",
    "efkfseD01Cc40gEcYK108h",
    "2d+omj0chDVIBHdQMC4QZI",
    "baCIYrbHxDm7I0imUt/meG",
    "b8bZ3ToZ1PzJCXagYrzIci",
    "ecrNTkpbtHoKIaHD93LkA1",
    "52+EfI4dZMvboEORuOAli8",
    "3fA6Wmvq1AkoGNjcHsEuo5",
    "a5NohLsPRO8KBUjwmxPiCI",
    "98QSOwhU9PzoUWIFZBlyLJ",
    "58/yLkhr5F85CveISaelsl",
    "a9c5lbyolO45ABPthsSQ90",
    "8fyjAqVBlChJrdhCRHXfH0"
  ],
  [
    "_textureSetter",
    "node",
    "_spriteFrame",
    "root",
    "itemTips",
    "itemNum",
    "itemNode",
    "itemIcon",
    "itemBg",
    "itemBtn",
    "data"
  ],
  [
    "cc.SpriteFrame",
    [
      "cc.Node",
      [
        "_name",
        "_active",
        "_components",
        "_prefab",
        "_contentSize",
        "_children",
        "_trs",
        "_parent"
      ],
      1,
      9,
      4,
      5,
      2,
      7,
      1
    ],
    [
      "cc.Node",
      [
        "_name",
        "_parent",
        "_components",
        "_prefab",
        "_contentSize",
        "_color",
        "_trs"
      ],
      2,
      1,
      2,
      4,
      5,
      5,
      7
    ],
    [
      "cc.Sprite",
      [
        "_sizeMode",
        "_isTrimmedMode",
        "node",
        "_materials",
        "_spriteFrame"
      ],
      1,
      1,
      3,
      6
    ],
    [
      "cc.AudioClip",
      [
        "_name",
        "_native",
        "duration"
      ],
      0
    ],
    [
      "cc.Prefab",
      [
        "_name"
      ],
      2
    ],
    [
      "71201IIfdVLabVjkWmNk/Kv",
      [
        "node",
        "itemBtn",
        "itemBg",
        "itemIcon",
        "itemNode",
        "itemNum",
        "itemTips",
        "spriteList",
        "audioArray"
      ],
      3,
      1,
      1,
      1,
      1,
      1,
      1,
      1,
      3,
      3
    ],
    [
      "cc.PrefabInfo",
      [
        "fileId",
        "root"
      ],
      2,
      1
    ],
    [
      "cc.Mask",
      [
        "node",
        "_materials"
      ],
      3,
      1,
      3
    ],
    [
      "cc.Button",
      [
        "_N$transition",
        "node",
        "clickEvents",
        "_N$target"
      ],
      2,
      1,
      9,
      1
    ],
    [
      "cc.ClickEvent",
      [
        "_componentId",
        "handler",
        "target"
      ],
      1,
      1
    ],
    [
      "cc.Label",
      [
        "_fontSize",
        "_lineHeight",
        "_N$horizontalAlign",
        "_N$verticalAlign",
        "node",
        "_materials"
      ],
      -1,
      1,
      3
    ]
  ],
  [
    [
      7,
      0,
      1,
      2
    ],
    [
      4,
      0,
      1,
      2,
      4
    ],
    [
      2,
      0,
      1,
      2,
      3,
      4,
      2
    ],
    [
      3,
      0,
      1,
      2,
      3,
      3
    ],
    [
      5,
      0,
      2
    ],
    [
      1,
      0,
      5,
      2,
      3,
      4,
      6,
      2
    ],
    [
      1,
      0,
      7,
      5,
      2,
      3,
      4,
      2
    ],
    [
      1,
      0,
      1,
      7,
      2,
      3,
      4,
      6,
      3
    ],
    [
      2,
      0,
      1,
      2,
      3,
      5,
      4,
      6,
      2
    ],
    [
      6,
      0,
      1,
      2,
      3,
      4,
      5,
      6,
      7,
      8,
      1
    ],
    [
      8,
      0,
      1,
      1
    ],
    [
      9,
      0,
      1,
      2,
      3,
      2
    ],
    [
      10,
      0,
      1,
      2,
      3
    ],
    [
      3,
      0,
      1,
      2,
      3,
      4,
      3
    ],
    [
      11,
      0,
      1,
      2,
      3,
      4,
      5,
      5
    ]
  ],
  [
    [
      [
        {
          "name": "奖励底框-1",
          "rect": [
            9,
            24,
            144,
            144
          ],
          "offset": [
            -1,
            0.5
          ],
          "originalSize": [
            164,
            193
          ],
          "capInsets": [
            0,
            0,
            0,
            0
          ]
        }
      ],
      [
        0
      ],
      0,
      [
        0
      ],
      [
        0
      ],
      [
        2
      ]
    ],
    [
      [
        {
          "name": "广告icon",
          "rect": [
            0,
            11,
            64,
            43
          ],
          "offset": [
            0,
            -0.5
          ],
          "originalSize": [
            64,
            64
          ],
          "capInsets": [
            0,
            0,
            0,
            0
          ]
        }
      ],
      [
        0
      ],
      0,
      [
        0
      ],
      [
        0
      ],
      [
        3
      ]
    ],
    [
      [
        [
          1,
          "开宝箱音效",
          ".mp3",
          1.113333
        ],
        -1
      ],
      0,
      0,
      [],
      [],
      []
    ],
    [
      [
        {
          "name": "奖励底框-2",
          "rect": [
            0,
            10,
            144,
            144
          ],
          "offset": [
            -1.5,
            3
          ],
          "originalSize": [
            147,
            170
          ],
          "capInsets": [
            0,
            0,
            0,
            0
          ]
        }
      ],
      [
        0
      ],
      0,
      [
        0
      ],
      [
        0
      ],
      [
        4
      ]
    ],
    [
      [
        {
          "name": "宝箱",
          "rect": [
            16,
            19,
            107,
            94
          ],
          "offset": [
            -0.5,
            0.5
          ],
          "originalSize": [
            140,
            133
          ],
          "capInsets": [
            0,
            0,
            0,
            0
          ]
        }
      ],
      [
        0
      ],
      0,
      [
        0
      ],
      [
        0
      ],
      [
        5
      ]
    ],
    [
      [
        {
          "name": "未中奖",
          "rect": [
            47,
            31,
            67,
            89
          ],
          "offset": [
            -0.5,
            -3
          ],
          "originalSize": [
            162,
            145
          ],
          "capInsets": [
            0,
            0,
            0,
            0
          ]
        }
      ],
      [
        0
      ],
      0,
      [
        0
      ],
      [
        0
      ],
      [
        6
      ]
    ],
    [
      [
        {
          "name": "体力",
          "rect": [
            12,
            13,
            58,
            76
          ],
          "offset": [
            0.5,
            2.5
          ],
          "originalSize": [
            81,
            107
          ],
          "capInsets": [
            0,
            0,
            0,
            0
          ]
        }
      ],
      [
        0
      ],
      0,
      [
        0
      ],
      [
        0
      ],
      [
        7
      ]
    ],
    [
      [
        [
          4,
          "item"
        ],
        [
          5,
          "item",
          [
            -9,
            -10
          ],
          [
            [
              9,
              -8,
              -7,
              -6,
              -5,
              -4,
              -3,
              -2,
              [
                6,
                7,
                8,
                9
              ],
              [
                10,
                11
              ]
            ]
          ],
          [
            0,
            "6d6mN0Su5GAKc4dqsZI0Xk",
            -1
          ],
          [
            5,
            170,
            170
          ],
          [
            -186.5,
            -145,
            0,
            0,
            0,
            0,
            1,
            1,
            1,
            0
          ]
        ],
        [
          6,
          "content",
          1,
          [
            -13,
            -14,
            -15
          ],
          [
            [
              10,
              -11,
              [
                5
              ]
            ],
            [
              11,
              3,
              -12,
              [
                [
                  12,
                  "71201IIfdVLabVjkWmNk/Kv",
                  "clickEventHandler",
                  1
                ]
              ],
              1
            ]
          ],
          [
            0,
            "177LzMhLFBcoXBxnYe3otJ",
            1
          ],
          [
            5,
            130,
            130
          ]
        ],
        [
          2,
          "icon",
          2,
          [
            -16
          ],
          [
            0,
            "74VonUaJpDzLueSa4bBwlw",
            1
          ],
          [
            5,
            140,
            133
          ]
        ],
        [
          7,
          "tips",
          false,
          2,
          [
            [
              13,
              0,
              false,
              -17,
              [
                2
              ],
              3
            ]
          ],
          [
            0,
            "64Fb+50hpNxYGSxRQxw6bj",
            1
          ],
          [
            5,
            32,
            32
          ],
          [
            40,
            -45,
            0,
            0,
            0,
            0,
            1,
            1,
            1,
            1
          ]
        ],
        [
          2,
          "bg",
          1,
          [
            -18
          ],
          [
            0,
            "87vVgt0JdNkIBTdRKGhLWe",
            1
          ],
          [
            5,
            147,
            170
          ]
        ],
        [
          3,
          0,
          false,
          5,
          [
            0
          ]
        ],
        [
          3,
          0,
          false,
          3,
          [
            1
          ]
        ],
        [
          8,
          "num",
          2,
          [
            -19
          ],
          [
            0,
            "72xhXnyz5OzaHuzCwoxBR2",
            1
          ],
          [
            4,
            4278190080
          ],
          [
            5,
            0,
            25.2
          ],
          [
            40,
            -45,
            0,
            0,
            0,
            0,
            1,
            1,
            1,
            1
          ]
        ],
        [
          14,
          20,
          20,
          1,
          1,
          8,
          [
            4
          ]
        ]
      ],
      0,
      [
        0,
        3,
        1,
        0,
        4,
        4,
        0,
        5,
        9,
        0,
        6,
        3,
        0,
        7,
        7,
        0,
        8,
        6,
        0,
        9,
        2,
        0,
        1,
        1,
        0,
        -1,
        5,
        0,
        -2,
        2,
        0,
        1,
        2,
        0,
        1,
        2,
        0,
        -1,
        3,
        0,
        -2,
        4,
        0,
        -3,
        8,
        0,
        -1,
        7,
        0,
        1,
        4,
        0,
        -1,
        6,
        0,
        -1,
        9,
        0,
        10,
        1,
        19
      ],
      [
        0,
        0,
        0,
        0,
        0,
        0,
        0,
        0,
        0,
        0,
        0,
        0,
        6,
        7
      ],
      [
        -1,
        -1,
        -1,
        2,
        -1,
        -1,
        -1,
        -2,
        -3,
        -4,
        -1,
        -2,
        2,
        2
      ],
      [
        0,
        0,
        0,
        8,
        0,
        0,
        9,
        1,
        10,
        11,
        12,
        13,
        1,
        14
      ]
    ],
    [
      [
        [
          1,
          "通用按钮点击音效",
          ".mp3",
          0.284
        ],
        -1
      ],
      0,
      0,
      [],
      [],
      []
    ]
  ]
]