[
  1,
  [
    "ceFbS9QcRFVbeMbw5/XYeJ"
  ],
  [
    "_effectAsset"
  ],
  [
    [
      "cc.EffectAsset",
      [
        "_name",
        "shaders",
        "techniques"
      ],
      0
    ],
    [
      "cc.Material",
      [
        "_name",
        "_techniqueData"
      ],
      2,
      11
    ]
  ],
  [
    [
      0,
      0,
      1,
      2,
      4
    ],
    [
      1,
      0,
      1,
      2
    ]
  ],
  [
    [
      [
        [
          0,
          "WaterLoad",
          [
            {
              "hash": 844458595,
              "record": null,
              "name": "WaterLoad|vs|fs",
              "glsl3": {
                "vert": "\nprecision highp float;\nuniform CCGlobal {\n  mat4 cc_matView;\n  mat4 cc_matViewInv;\n  mat4 cc_matProj;\n  mat4 cc_matProjInv;\n  mat4 cc_matViewProj;\n  mat4 cc_matViewProjInv;\n  vec4 cc_cameraPos;\n  vec4 cc_time;\n  mediump vec4 cc_screenSize;\n  mediump vec4 cc_screenScale;\n};\nuniform CCLocal {\n  mat4 cc_matWorld;\n  mat4 cc_matWorldIT;\n};\nin vec3 a_position;\nin vec4 a_color;\nout vec4 v_color;\nout vec4 a_pos;\n#if USE_TEXTURE\nin vec2 a_uv0;\nout vec2 v_uv0;\n#endif\nvoid main () {\n  vec4 pos = vec4(a_position, 1);\n  #if CC_USE_MODEL\n  pos = cc_matViewProj * cc_matWorld * pos;\n  #else\n  pos = cc_matViewProj * pos;\n  #endif\n  #if USE_TEXTURE\n  v_uv0 = a_uv0;\n  v_uv0.x = v_uv0.x*1.0;\n  #endif\n  v_color = a_color;\n  a_pos = pos;\n  gl_Position = pos;\n}",
                "frag": "\nprecision highp float;\nuniform CCGlobal {\n  mat4 cc_matView;\n  mat4 cc_matViewInv;\n  mat4 cc_matProj;\n  mat4 cc_matProjInv;\n  mat4 cc_matViewProj;\n  mat4 cc_matViewProjInv;\n  vec4 cc_cameraPos;\n  vec4 cc_time;\n  mediump vec4 cc_screenSize;\n  mediump vec4 cc_screenScale;\n};\n#if USE_ALPHA_TEST\n  uniform ALPHA_TEST {\n    float alphaThreshold;\n  };\n#endif\nvoid ALPHA_TEST (in vec4 color) {\n  #if USE_ALPHA_TEST\n      if (color.a < alphaThreshold) discard;\n  #endif\n}\nvoid ALPHA_TEST (in float alpha) {\n  #if USE_ALPHA_TEST\n      if (alpha < alphaThreshold) discard;\n  #endif\n}\nin vec4 v_color;\nin vec4 a_pos;\n#if USE_TEXTURE\nin vec2 v_uv0;\nuniform sampler2D texture;\n#endif\nconst vec2 repeat = vec2(1, 1);\nconst vec2 centerPoint = vec2(0.5, 0.5);\nconst float radius = 0.01;\nconst float wh_ratio = 0.56;\nconst float blur = 0.02;\nvoid main () {\n  vec4 o = vec4(1,1,1,1);\n  vec2 t = v_uv0;\n  t.x = fract(v_uv0.x + abs(sin(cc_time.x)));\n  float a = 0.01*abs(sin(cc_time.x*2.))*sin(abs(cos(cc_time.x))*v_uv0.x*20.0-cc_time.x*10.0)+abs(cos(cc_time.x/5.0));\n  if(t.y > a){\n    t.y =  t.y + sin(abs(cos(cc_time.x))*t.x*20.0-cc_time.x*10.0)*0.01;\n  }\n  o = texture(texture, t);\n    float reduce = 1.0-smoothstep(0.,0.03,v_uv0.y - a);\n    reduce = max(0.6, reduce);\n    if(reduce == 0.6){\n      o.r = o.r+0.4;\n      o.b = o.b+1.0;\n      o.g = o.g+0.5;\n    }\n    o.a = reduce;\n  o*=v_color;\n  ALPHA_TEST(o);\n  gl_FragColor = o;\n}"
              },
              "glsl1": {
                "vert": "\nprecision highp float;\nuniform mat4 cc_matViewProj;\nuniform mat4 cc_matWorld;\nattribute vec3 a_position;\nattribute vec4 a_color;\nvarying vec4 v_color;\nvarying vec4 a_pos;\n#if USE_TEXTURE\nattribute vec2 a_uv0;\nvarying vec2 v_uv0;\n#endif\nvoid main () {\n  vec4 pos = vec4(a_position, 1);\n  #if CC_USE_MODEL\n  pos = cc_matViewProj * cc_matWorld * pos;\n  #else\n  pos = cc_matViewProj * pos;\n  #endif\n  #if USE_TEXTURE\n  v_uv0 = a_uv0;\n  v_uv0.x = v_uv0.x*1.0;\n  #endif\n  v_color = a_color;\n  a_pos = pos;\n  gl_Position = pos;\n}",
                "frag": "\nprecision highp float;\nuniform vec4 cc_time;\n#if USE_ALPHA_TEST\n  uniform float alphaThreshold;\n#endif\nvoid ALPHA_TEST (in vec4 color) {\n  #if USE_ALPHA_TEST\n      if (color.a < alphaThreshold) discard;\n  #endif\n}\nvoid ALPHA_TEST (in float alpha) {\n  #if USE_ALPHA_TEST\n      if (alpha < alphaThreshold) discard;\n  #endif\n}\nvarying vec4 v_color;\nvarying vec4 a_pos;\n#if USE_TEXTURE\nvarying vec2 v_uv0;\nuniform sampler2D texture;\n#endif\nconst vec2 repeat = vec2(1, 1);\nconst vec2 centerPoint = vec2(0.5, 0.5);\nconst float radius = 0.01;\nconst float wh_ratio = 0.56;\nconst float blur = 0.02;\nvoid main () {\n  vec4 o = vec4(1,1,1,1);\n  vec2 t = v_uv0;\n  t.x = fract(v_uv0.x + abs(sin(cc_time.x)));\n  float a = 0.01*abs(sin(cc_time.x*2.))*sin(abs(cos(cc_time.x))*v_uv0.x*20.0-cc_time.x*10.0)+abs(cos(cc_time.x/5.0));\n  if(t.y > a){\n    t.y =  t.y + sin(abs(cos(cc_time.x))*t.x*20.0-cc_time.x*10.0)*0.01;\n  }\n  o = texture2D(texture, t);\n    float reduce = 1.0-smoothstep(0.,0.03,v_uv0.y - a);\n    reduce = max(0.6, reduce);\n    if(reduce == 0.6){\n      o.r = o.r+0.4;\n      o.b = o.b+1.0;\n      o.g = o.g+0.5;\n    }\n    o.a = reduce;\n  o*=v_color;\n  ALPHA_TEST(o);\n  gl_FragColor = o;\n}"
              },
              "builtins": {
                "globals": {
                  "blocks": [
                    {
                      "name": "CCGlobal",
                      "defines": []
                    }
                  ],
                  "samplers": []
                },
                "locals": {
                  "blocks": [
                    {
                      "name": "CCLocal",
                      "defines": []
                    }
                  ],
                  "samplers": []
                }
              },
              "defines": [
                {
                  "name": "USE_TEXTURE",
                  "type": "boolean",
                  "defines": []
                },
                {
                  "name": "CC_USE_MODEL",
                  "type": "boolean",
                  "defines": []
                },
                {
                  "name": "USE_ALPHA_TEST",
                  "type": "boolean",
                  "defines": []
                }
              ],
              "blocks": [
                {
                  "name": "ALPHA_TEST",
                  "binding": 0,
                  "members": [
                    {
                      "name": "alphaThreshold",
                      "type": 13,
                      "count": 1
                    }
                  ],
                  "defines": [
                    "USE_ALPHA_TEST"
                  ]
                }
              ],
              "samplers": [
                {
                  "name": "texture",
                  "type": 29,
                  "count": 1,
                  "binding": 30,
                  "defines": [
                    "USE_TEXTURE"
                  ]
                }
              ]
            }
          ],
          [
            {
              "passes": [
                {
                  "program": "WaterLoad|vs|fs",
                  "blendState": {
                    "targets": [
                      {
                        "blend": true
                      }
                    ]
                  },
                  "rasterizerState": {
                    "cullMode": 0
                  },
                  "properties": {
                    "texture": {
                      "value": "white",
                      "type": 29
                    },
                    "alphaThreshold": {
                      "type": 13,
                      "value": [
                        1
                      ]
                    }
                  }
                }
              ]
            }
          ]
        ]
      ],
      0,
      0,
      [],
      [],
      []
    ],
    [
      [
        [
          1,
          "WaterLoad",
          [
            {},
            "0",
            11,
            [
              {
                "defines": {
                  "USE_TEXTURE": true,
                  "ENABLE_GAUSSIAN_BLUR": true,
                  "USE_ALPHA_TEST": true
                }
              },
              "props",
              11,
              [
                {
                  "alphaThreshold": 0
                },
                "textureSize",
                8,
                [
                  0,
                  200,
                  200
                ]
              ]
            ]
          ]
        ]
      ],
      0,
      0,
      [
        0
      ],
      [
        0
      ],
      [
        0
      ]
    ]
  ]
]